,EdLevel,AverageSalary
0,Ph.D,174793.9192825112
1,Bachelor,131309.61523470597
2,Master,120091.1538019407
3,Secondary school,98254.55636503067
