,EdLevel,AverageSalary
0,Ph.D,176374.41360787823
1,Bachelor,131115.74516063646
2,Master,119912.7059873985
3,Secondary school,98247.98929390773
